{"products":[{"id":"0.9799263487109653","quantity":1}],"totalPrice":19.990000000000006}